{
  "project_info": {
    "project_number": "276350214969",
    "firebase_url": "https://komunity-69-default-rtdb.firebaseio.com",
    "project_id": "komunity-69",
    "storage_bucket": "komunity-69.appspot.com"
  },
  "client": [
    {
      "client_info": {
        "mobilesdk_app_id": "1:276350214969:android:d5bbdbf5e1c2527585bee8",
        "android_client_info": {
          "package_name": "com.example.androidconsqlite"
        }
      },
      "oauth_client": [
        {
          "client_id": "276350214969-bqmtdnqelj2p2nms64mtioglfkakucnf.apps.googleusercontent.com",
          "client_type": 3
        }
      ],
      "api_key": [
        {
          "current_key": "AIzaSyCywDmqfaYPIWrLNBbbC40awHNIQSpkQv4"
        }
      ],
      "services": {
        "appinvite_service": {
          "other_platform_oauth_client": [
            {
              "client_id": "276350214969-bqmtdnqelj2p2nms64mtioglfkakucnf.apps.googleusercontent.com",
              "client_type": 3
            }
          ]
        }
      }
    }
  ],
  "configuration_version": "1"
}